{"stats":{"minecraft:crafted":{"minecraft:crafting_table":1,"minecraft:birch_boat":1,"minecraft:birch_planks":52},"minecraft:killed":{"minecraft:sheep":3},"minecraft:mined":{"minecraft:white_bed":3,"minecraft:birch_log":13,"minecraft:birch_leaves":2,"minecraft:crafting_table":1},"minecraft:dropped":{"minecraft:stone_axe":1,"minecraft:birch_planks":36},"minecraft:picked_up":{"minecraft:birch_log":13,"minecraft:crafting_table":1,"minecraft:birch_boat":1,"minecraft:white_bed":3,"minecraft:kelp":9,"minecraft:stone_axe":2,"minecraft:stone_pickaxe":1,"minecraft:mutton":5,"minecraft:white_wool":4},"minecraft:custom":{"minecraft:time_since_rest":1678,"minecraft:sprint_one_cm":33490,"minecraft:walk_one_cm":30416,"minecraft:damage_taken":99,"minecraft:mob_kills":3,"minecraft:drop":26,"minecraft:damage_dealt":360,"minecraft:swim_one_cm":39661,"minecraft:interact_with_crafting_table":6,"minecraft:fly_one_cm":32094,"minecraft:open_chest":5,"minecraft:crouch_one_cm":245,"minecraft:play_time":25611,"minecraft:sneak_time":293,"minecraft:walk_under_water_one_cm":6787,"minecraft:boat_one_cm":452208,"minecraft:jump":238,"minecraft:time_since_death":25611,"minecraft:walk_on_water_one_cm":13497,"minecraft:sleep_in_bed":2,"minecraft:total_world_time":25611,"minecraft:fall_one_cm":5606},"minecraft:used":{"minecraft:birch_boat":2,"minecraft:leather_chestplate":1,"minecraft:leather_boots":1,"minecraft:golden_helmet":1,"minecraft:stone_axe":5,"minecraft:golden_sword":12,"minecraft:crafting_table":1,"minecraft:carrot":6,"minecraft:white_bed":2}},"DataVersion":3465}