{"stats":{"minecraft:crafted":{"minecraft:birch_planks":52,"minecraft:crafting_table":1,"minecraft:birch_boat":1},"minecraft:mined":{"minecraft:white_bed":2,"minecraft:birch_log":13,"minecraft:birch_leaves":2,"minecraft:crafting_table":1},"minecraft:dropped":{"minecraft:stone_axe":1,"minecraft:birch_planks":36},"minecraft:picked_up":{"minecraft:birch_log":13,"minecraft:crafting_table":1,"minecraft:kelp":9,"minecraft:stone_axe":2,"minecraft:stone_pickaxe":1,"minecraft:white_bed":2},"minecraft:custom":{"minecraft:open_chest":3,"minecraft:time_since_rest":3714,"minecraft:crouch_one_cm":84,"minecraft:play_time":13611,"minecraft:sprint_one_cm":15757,"minecraft:damage_taken":53,"minecraft:walk_one_cm":14213,"minecraft:sneak_time":92,"minecraft:walk_under_water_one_cm":3640,"minecraft:boat_one_cm":228201,"minecraft:drop":26,"minecraft:jump":112,"minecraft:sleep_in_bed":1,"minecraft:walk_on_water_one_cm":3598,"minecraft:time_since_death":13611,"minecraft:total_world_time":13611,"minecraft:swim_one_cm":12736,"minecraft:fall_one_cm":1786,"minecraft:interact_with_crafting_table":6,"minecraft:fly_one_cm":12774},"minecraft:used":{"minecraft:golden_helmet":1,"minecraft:stone_axe":5,"minecraft:crafting_table":1,"minecraft:carrot":3,"minecraft:leather_chestplate":1,"minecraft:birch_boat":1}},"DataVersion":3465}