{"stats":{"minecraft:crafted":{"minecraft:birch_planks":36},"minecraft:mined":{"minecraft:birch_log":9,"minecraft:birch_leaves":2},"minecraft:picked_up":{"minecraft:birch_log":9},"minecraft:custom":{"minecraft:jump":9,"minecraft:time_since_rest":1611,"minecraft:play_time":1611,"minecraft:damage_taken":10,"minecraft:time_since_death":1611,"minecraft:walk_one_cm":2701,"minecraft:sneak_time":9,"minecraft:total_world_time":1611,"minecraft:interact_with_crafting_table":1,"minecraft:fall_one_cm":335,"minecraft:fly_one_cm":57}},"DataVersion":3465}